,Column 1,Column 2,Column 3
0,-,(` million),-
1,Year ended,Year ended,-
2, March,2021,31 March 2020
3,Operating activities,-,-
4,Profit before tax ,"16,306.08","15,153.80"
5,activities:,-,-
6,Depreciation and amortization expense ,"2,417.88","2,316.31"
7,"Profit on sale of property, plant and equipment and intangible assets ",4.31,16.33
8,Net gain on investments carried at fair value through profit and loss ,839.28,933.38
9,Share based payment expenses ,102.19,146.70
10,Provision for expected credit loss ,251.81,92.49
11,Finance costs ,634.15,811.93
12,Interest income ,213.25,557.21
13,Others ,106.41,106.42
14,"Unrealized exchange gain, net ",102.10,160.04
15,Operating profit before changes in operating assets and liabilities ,"18,446.76","16,747.85"
16,Changes in operating assets and liabilities,-,-
17,Trade receivables and unbilled receivables ,820.64,"1,779.25"
18,Loans ,89.59,209.43
19,Other financial assets ,139.43,70.71
20,Other assets ,310.54,832.49
21,Trade payables ,924.81,"1,442.35"
22,Other financial liabilities ,132.19,678.09
23,Other liabilities ,899.59,535.53
24,Provisions and employee benefit obligations ,606.38,15.47
25,Total changes in operating assets and liabilities ,453.19,422.42
26,Income tax paid (net of refunds) ,"3,448.25","3,960.06"
27,Net cash flows generated from operating activities (A) ,"14,545.32","13,210.21"
28,34,-,-
