,Column 1,Column 2,Column 3,Column 4,Column 5
0,-,(` million),-,-,-
1,Year ended,Year ended,-,-,-
2, March,2021,31 March 2020,-,-
3,Investing activities,-,-,-,-
4,"Purchase of property, plant and equipment and intangible assets ","1,261.65","1,261.18",-,-
5,-,18.08,-,-,-
6,Purchase of investments ,"67,143.61","78,641.89",-,-
7,Sale of investments ,"62,779.21","79,610.98",-,-
8,Interest received ,196.67,211.98,-,-
9,) (refer note,6,805.19,-,-
10,Investments in bank deposits ,"3,788.01","1,426.24",-,-
11,Redemption / maturity of bank deposits ,"1,794.01","2,895.70",-,-
12,Net cash flows (used in) / generated from investing activities (B) ,"8,218.81","1,407.43",-,-
13,Financing activities,-,-,-,-
14,Proceeds from issue of shares ,268.03,151.40,-,-
15,Repayment of borrowings ,"12,558.31","17,615.48",-,-
16,Availment of borrowings ,"12,149.60","17,391.84",-,-
17,Interest paid ,619.65,779.89,-,-
18,Repayment of lease liabilities ,"1,327.59","1,329.78",-,-
19, March,2020,"1,034.18","6,526.78","6,065.25"
20,Net cash flows used in financing activities (C) ,"8,614.70","8,247.16",-,-
21,Net (decrease) / increase in cash and cash equivalents (A+B+C) ,"2,288.19","6,370.48",-,-
22,Effect of exchange rate changes ,119.62,9.51,-,-
23,Cash and cash equivalents at the beginning of the year ,"9,880.01","3,500.02",-,-
24,Cash and cash equivalents at the end of the year (refer note,14,"7,711.44","9,880.01",-
25,Summary of significant accounting policies. (Note,2,-,-,-
26,Chartered Accountants,-,-,-,-
27,ICAI Firm registration number: 101248W/W-100022,-,-,-,-
28,Amit Somani Nitin Rakesh Narayanan Kumar,-,-,-,-
29,Partner Chief Executive Officer Director,-,-,-,-
30,Manish Dugar Subramanian Narayan,-,-,-,-
31,Chief Financial Officer Senior Vice President & Company Secretary,-,-,-,-
32,Bengaluru Bengaluru Bengaluru,-,-,-,-
33, May,2021,-,-,-
34,-,35,-,-,-
